City,Cloudiness,Country,Date,Humidity,Lat,Lng,Max Temp,Windspeed
bengkulu,99,id,1597901459,62,-3.8,102.27,86.45,9.51
ushuaia,75,ar,1597901197,93,-54.8,-68.3,39.2,23.04
rikitea,97,pf,1597901415,82,-23.12,-134.97,70.27,20.27
axim,70,gh,1597901460,88,4.87,-2.24,75.02,9.4
nikolskoye,0,ru,1597901461,82,59.7,30.79,57.99,4.47
meridian,90,us,1597901461,77,43.61,-116.39,77.0,2.17
east london,0,za,1597901461,70,-33.02,27.91,42.8,3.36
kiambu,90,ke,1597901462,93,-1.17,36.83,60.8,8.05
mount gambier,40,au,1597901452,71,-37.83,140.77,53.6,23.04
saint-philippe,90,re,1597901462,53,-21.36,55.77,75.2,3.36
tasiilaq,0,gl,1597901462,65,65.61,-37.64,44.6,6.93
yellowknife,75,ca,1597901426,93,62.46,-114.35,57.2,13.87
busselton,58,au,1597901463,72,-33.65,115.33,60.01,3
kodiak,1,us,1597901463,71,57.79,-152.41,57.2,3.36
carnarvon,83,au,1597901464,33,-24.87,113.63,73.4,6.93
hilo,90,us,1597901464,83,19.73,-155.09,75.2,5.82
ilulissat,0,gl,1597901464,69,69.22,-51.1,48.2,4.7
hermanus,91,za,1597901465,92,-34.42,19.23,48.99,1.01
mar del plata,20,ar,1597901191,93,-38,-57.56,39.0,4.7
krasnoselkup,89,ru,1597901465,64,65.7,82.47,66.58,3.04
upernavik,16,gl,1597901465,76,72.79,-56.15,46.4,3.83
san patricio,100,mx,1597901466,85,19.22,-104.7,77.59,4.68
iqaluit,90,ca,1597901466,93,63.75,-68.51,44.01,4.7
kapaa,40,us,1597901466,74,22.08,-159.32,80.6,17.22
basco,100,ph,1597901466,76,20.45,121.97,84.24,10.74
saint-francois,67,gp,1597901407,88,16.25,-61.27,80.6,8.05
pyapon,100,mm,1597901467,78,16.28,95.68,83.19,7.14
hasaki,20,jp,1597901467,55,35.73,140.83,97.0,12.75
port alfred,14,za,1597901468,47,-33.59,26.89,55.85,14.36
dikson,0,ru,1597901468,65,73.51,80.55,51.19,17.83
souillac,40,mu,1597901468,64,-20.52,57.52,75.2,11.41
thompson,75,ca,1597901468,72,55.74,-97.86,64.4,3.36
punta arenas,62,cl,1597901312,75,-53.15,-70.92,46.0,24.16
atuona,22,pf,1597901469,78,-9.8,-139.03,78.71,16.28
sambava,79,mg,1597901469,74,-14.27,50.17,73.72,9.75
lincoln,79,nz,1597901469,87,-43.65,172.48,52.0,4.7
coihaique,86,cl,1597901470,86,-45.58,-72.07,33.8,3.36
chuy,29,uy,1597901470,76,-33.7,-53.46,39.76,9.82
mocuba,1,mz,1597901470,67,-16.84,36.99,76.91,1.61
georgetown,99,sh,1597901470,72,-7.93,-14.42,73.6,17.6
butaritari,98,ki,1597901470,77,3.07,172.79,82.94,11.88
arraial do cabo,5,br,1597901411,88,-22.97,-42.03,71.22,22.64
lompoc,90,us,1597901471,77,34.64,-120.46,64.4,5.37
norman wells,20,ca,1597901471,66,65.28,-126.83,55.4,5.82
zalantun,0,cn,1597901472,49,48,122.72,71.33,6.87
srednekolymsk,96,ru,1597901472,57,67.45,153.68,45.81,8.95
adrar,0,dz,1597901472,12,25.75,-1,91.26,8.55
mo i rana,75,no,1597901472,93,66.31,14.14,48.99,4.7
utete,45,tz,1597901473,65,-7.99,38.76,80.19,4.36
honningsvag,75,no,1597901473,76,70.98,25.97,50.0,4.7
bambous virieux,40,mu,1597901473,64,-20.34,57.76,75.2,11.41
aklavik,40,ca,1597901282,76,68.22,-135.01,57.2,4.7
nanortalik,1,gl,1597901474,71,60.14,-45.24,45.86,11.68
avarua,88,ck,1597901474,83,-21.21,-159.78,73.4,25.28
bluff,100,nz,1597901474,94,-46.6,168.33,48.0,7
albany,75,au,1597901442,62,-35.02,117.89,59.0,16.11
sarankhola,100,bd,1597901475,83,22.31,89.79,84.24,16.46
mount hagen,12,pg,1597901475,79,-5.86,144.23,69.01,2.13
puerto del rosario,0,es,1597901475,43,28.5,-13.86,73.4,9.17
oranjemund,0,na,1597901475,45,-28.55,16.43,52.52,5.57
bethel,1,us,1597901476,93,41.37,-73.41,59.0,4.7
bredasdorp,85,za,1597901476,81,-34.53,20.04,51.8,5.82
funtua,61,ng,1597901476,93,11.52,7.31,70.09,8.97
cravo norte,99,co,1597901477,92,6.3,-70.2,76.73,5.06
aripuana,0,br,1597901477,46,-9.17,-60.63,75.92,1.23
lazaro cardenas,100,mx,1597901477,86,17.96,-102.2,78.96,4.52
qaanaaq,100,gl,1597901477,85,77.48,-69.36,45.79,7.78
zhigansk,0,ru,1597901478,50,66.77,123.37,55.76,10.92
cape town,75,za,1597901432,76,-33.93,18.42,54.0,9.17
marondera,57,zw,1597901478,78,-18.19,31.55,56.5,11.23
oum hadjer,100,td,1597901478,89,13.3,19.7,73.89,5.5
iskateley,100,ru,1597901478,77,67.68,53.15,58.73,12.21
chokurdakh,100,ru,1597901479,76,70.63,147.92,39.56,10.6
hambantota,40,lk,1597901479,66,6.12,81.12,89.6,11.41
naze,20,jp,1597901479,70,28.37,129.48,89.6,13.87
paamiut,0,gl,1597901480,76,61.99,-49.67,44.26,3.53
jamestown,100,sh,1597901480,86,-15.94,-5.72,61.25,23.35
rio grande city,15,us,1597901480,71,26.38,-98.82,84.0,3
carauari,32,br,1597901480,85,-4.88,-66.9,75.69,1.66
cherskiy,67,ru,1597901481,59,68.75,161.3,44.87,9.57
ponta do sol,15,cv,1597901481,73,17.2,-25.09,77.0,8.05
yamada,0,jp,1597901481,55,39.47,141.95,86.52,1.36
ketchikan,90,us,1597901481,100,55.34,-131.65,57.2,16.11
namatanai,38,pg,1597901471,72,-3.67,152.43,82.62,6.4
khatanga,16,ru,1597901482,44,71.97,102.5,61.97,10.56
irbit,100,ru,1597901482,91,57.67,63.07,56.3,6.42
sur,47,om,1597901482,48,22.57,59.53,93.78,1.77
la romana,9,do,1597901483,91,18.43,-68.97,77.92,8.75
pangnirtung,42,ca,1597901483,47,66.15,-65.71,50.38,1.3
hobart,75,au,1597901281,47,-42.88,147.33,55.99,11.41
mahebourg,40,mu,1597901483,64,-20.41,57.7,75.2,11.41
mildura,75,au,1597901484,76,-34.2,142.15,57.0,14.99
saint-augustin,65,ca,1597901484,95,51.23,-58.65,55.51,5.23
neiafu,75,to,1597901484,88,-18.65,-173.98,78.8,5.82
ribeira grande,76,pt,1597901485,75,38.52,-28.7,69.84,14.97
mucurapo,20,tt,1597901485,88,10.67,-61.53,78.8,5.99
lorengau,28,pg,1597901486,73,-2.02,147.27,84.65,9.31
santa isabel do rio negro,2,br,1597901486,77,-0.41,-65.02,76.19,2.17
russell,0,nz,1597901487,3,-35.26,174.12,62.01,7
lagos,5,pt,1597901487,83,37.1,-8.67,66.99,2.86
port blair,75,in,1597901487,70,11.67,92.75,86.02,15.26
cranbourne,66,au,1597901487,67,-38.1,145.28,57.99,8.99
vardo,75,no,1597901488,87,70.37,31.11,51.8,10.29
hachinohe,20,jp,1597901488,62,40.5,141.5,86.0,8.05
susanville,75,us,1597901488,17,40.42,-120.65,73.4,10.29
virden,93,ca,1597901488,66,49.85,-100.93,70.56,12.73
cabo san lucas,100,mx,1597901489,97,22.89,-109.91,77.0,15.01
lavrentiya,33,ru,1597901489,70,65.58,-171,54.28,7.99
nome,90,us,1597901420,81,64.5,-165.41,54.0,18.34
griffith,75,au,1597901403,62,-34.28,146.03,55.4,19.46
toora-khem,5,ru,1597901489,31,52.47,96.11,77.61,1.77
tonantins,1,br,1597901490,82,-2.87,-67.8,75.51,1.72
harper,99,lr,1597901490,87,4.38,-7.72,74.95,9.08
alyangula,2,au,1597901491,69,-13.85,136.42,82.4,8.05
byron bay,0,au,1597901491,28,-28.65,153.62,71.01,25.28
acajutla,97,sv,1597901491,100,13.59,-89.83,69.01,3.4
vaini,75,to,1597901491,88,-21.2,-175.2,73.4,4.7
anadyr,67,ru,1597901492,54,64.75,177.48,60.01,17.9
gorontalo,2,id,1597901492,57,0.54,123.06,86.94,6.85
huarmey,63,pe,1597901492,85,-10.07,-78.15,59.92,8.01
nyurba,0,ru,1597901492,37,63.28,118.33,62.73,4.85
husavik,20,is,1597901493,71,66.04,-17.34,32.0,2.24
sao filipe,18,cv,1597901493,81,14.9,-24.5,76.37,10.56
talnakh,94,ru,1597901493,35,69.49,88.4,69.8,13.42
san joaquin,71,bo,1597901493,72,-16.38,-58.39,74.68,11.36
berlevag,75,no,1597901494,87,70.86,29.09,51.8,13.87
tazovskiy,93,ru,1597901494,78,67.47,78.7,60.85,9.06
kayes,100,ml,1597901495,92,14,-11,73.72,2.19
sheksna,0,ru,1597901495,93,59.21,38.51,53.6,2.71
sheopur,100,in,1597901496,60,25.67,76.7,90.77,3.83
drumheller,51,ca,1597901496,50,51.46,-112.71,68.0,5.73
yebaishou,92,cn,1597901496,40,41.4,119.64,73.2,12.01
saint george,75,bm,1597901497,83,32.38,-64.68,82.4,6.93
troitskoye,0,ru,1597901497,35,52.98,84.68,73.35,11.21
beringovskiy,67,ru,1597901497,55,63.05,179.32,58.26,6.82
arlit,33,ne,1597901498,13,18.74,7.39,89.51,6.69
burnie,66,au,1597901498,72,-41.07,145.92,55.0,11.99
jumla,100,np,1597901499,69,29.27,82.18,64.17,1.95
stephenville,75,ca,1597901499,93,48.55,-58.58,59.0,4.7
zavetnoye,0,ru,1597901499,33,47.12,43.89,83.61,6.55
unterhaching,67,de,1597901500,93,48.07,11.61,63.0,3.24
guerrero negro,0,mx,1597901445,73,27.98,-114.06,76.08,13.06
belaya gora,96,ru,1597901500,59,68.53,146.42,44.78,7.99
crotone,0,it,1597901500,58,39.09,17.12,79.3,8.16
lujan,0,ar,1597901273,96,-34.57,-59.1,36.0,4.38
bandarbeyla,0,so,1597901501,57,9.49,50.81,85.08,28.77
cockburn town,0,bs,1597901501,82,24.03,-74.52,83.12,16.33
barrow,90,us,1597901457,93,71.29,-156.79,39.2,9.17
shimoda,20,jp,1597901502,70,34.67,138.95,87.8,13.87
tuktoyaktuk,75,ca,1597901435,81,69.45,-133.04,50.0,11.41
saskylakh,99,ru,1597901502,54,71.92,114.08,48.11,3.98
the valley,40,ai,1597901335,70,18.22,-63.06,84.2,9.17
petropavlovsk-kamchatskiy,75,ru,1597901443,100,53.05,158.65,55.4,2.24
tura,93,ru,1597901503,38,64.28,100.25,70.45,17.63
kedrovyy,23,ru,1597901503,52,56.17,91.82,69.8,11.18
feldbach,82,at,1597901504,54,46.95,15.89,66.0,1.01
merauke,15,id,1597901504,62,-8.47,140.33,81.21,16.02
hervey bay,41,au,1597901504,15,-25.3,152.85,78.8,12.75
leningradskiy,98,ru,1597901505,64,69.38,178.42,53.46,6.89
santa rosalia,32,mx,1597901505,61,27.32,-112.28,86.61,3.33
faanui,27,pf,1597901506,80,-16.48,-151.75,77.7,19.75
hithadhoo,87,mv,1597901421,66,-0.6,73.08,83.91,4.27
provideniya,42,ru,1597901506,67,64.38,-173.3,57.2,11.18
kaspiyskiy,0,ru,1597901506,49,45.39,47.37,79.16,6.33
constitucion,100,mx,1597901507,78,23.99,-104.67,63.32,0.49
finote selam,73,et,1597901507,84,10.7,37.27,66.09,0.74
chapais,1,ca,1597901507,93,49.78,-74.85,46.4,3.36
nouadhibou,1,mr,1597901507,88,20.93,-17.03,69.8,13.87
rio verde de mato grosso,73,br,1597901508,64,-18.92,-54.84,65.53,16.44
wattegama,40,lk,1597901508,66,6.8,81.48,89.6,11.41
aracuai,0,br,1597901508,87,-16.85,-42.07,66.22,1.77
touros,20,br,1597901508,94,-5.2,-35.46,69.8,4.7
broome,26,au,1597901508,9,-17.97,122.23,91.4,9.17
banda aceh,83,id,1597901413,66,5.56,95.32,87.12,5.66
hobyo,85,so,1597901509,70,5.35,48.53,80.73,17.92
jalu,0,ly,1597901509,54,29.03,21.55,79.14,9.91
les cayes,100,ht,1597901510,78,18.2,-73.75,80.19,3.71
orikum,0,al,1597901510,54,40.33,19.47,77.07,9.31
deming,1,us,1597901510,21,32.27,-107.76,80.6,6.93
shitanjing,0,cn,1597901510,32,39.23,106.34,78.04,22.91
nata,0,bw,1597901511,75,-20.22,26.18,55.11,7.58
westport,98,nz,1597901511,85,-41.75,171.6,53.44,15.01
half moon bay,1,us,1597901511,82,37.46,-122.43,72.0,8.05
leh,36,in,1597901512,25,34.17,77.58,66.88,6.67
dalbandin,15,pk,1597901512,8,28.89,64.41,95.67,2.66
zhuhai,20,cn,1597901512,79,22.28,113.57,96.01,8.05
luderitz,0,na,1597901411,34,-26.65,15.16,57.65,8.01
tiksi,100,ru,1597901513,88,71.69,128.87,39.45,5.84
damnoen saduak,99,th,1597901513,51,13.52,99.95,89.4,2.28
rawson,4,ar,1597901513,60,-43.3,-65.1,43.02,11.79
leshukonskoye,74,ru,1597901513,67,64.9,45.76,51.57,6.53
ende,24,id,1597901514,58,-8.84,121.66,83.98,4.43
klaksvik,100,fo,1597901514,76,62.23,-6.59,51.8,5.82
katsuura,20,jp,1597901514,56,35.13,140.3,97.0,16.11
deputatskiy,98,ru,1597901514,74,69.3,139.9,38.98,8.63
kahului,40,us,1597901515,57,20.89,-156.47,80.6,17.22
caravelas,1,br,1597901515,90,-17.71,-39.25,69.73,5.37
bathsheba,75,bb,1597901424,88,13.22,-59.52,80.6,13.87
veraval,100,in,1597901473,82,20.9,70.37,82.99,17.87
san carlos de bariloche,0,ar,1597901516,79,-41.15,-71.31,26.6,5.82
dongzhen,100,cn,1597901516,73,22.38,110.94,84.18,0.13
bijar,0,ir,1597901516,28,35.87,47.61,75.02,7.7
fairbanks,90,us,1597901481,63,64.84,-147.72,66.2,2.24
daru,11,pg,1597901516,69,-9.08,143.21,78.71,9.89
sechura,100,pe,1597901517,82,-5.56,-80.82,61.05,11.9
cidreira,30,br,1597901517,71,-30.18,-50.21,50.5,11.21
cedar city,1,us,1597901324,24,37.68,-113.06,80.6,8.05
sitka,75,us,1597901517,77,57.05,-135.33,59.0,4.9
grindavik,75,is,1597901518,100,63.84,-22.43,48.2,4.7
mombetsu,75,jp,1597901518,83,44.35,143.35,69.8,16.11
skagen,35,dk,1597901519,89,57.72,10.58,68.0,8.99
hami,100,cn,1597901247,19,42.8,93.45,88.16,13.78
mandalgovi,44,mn,1597901519,30,45.76,106.27,74.55,17.43
pangkalanbuun,41,id,1597901519,39,-2.68,111.62,94.17,3.38
chipinge,95,zw,1597901520,88,-20.19,32.62,54.57,6.82
pisco,40,pe,1597901520,82,-13.7,-76.22,59.0,5.82
pringsewu,81,id,1597901520,78,-5.36,104.97,82.63,5.53
arman,82,ru,1597901520,80,59.7,150.17,56.97,13.69
longyearbyen,75,sj,1597901521,80,78.22,15.64,41.0,13.87
lebu,0,cl,1597901423,73,-37.62,-73.65,43.25,16.46
ambovombe,15,mg,1597901521,65,-25.17,46.08,72.66,3.56
galveston,1,us,1597901522,74,29.37,-94.97,84.99,3.36
kavieng,72,pg,1597901522,68,-2.57,150.8,84.79,7.94
new norfolk,60,au,1597901522,72,-42.78,147.06,54.0,4
campo maior,83,br,1597901523,92,-4.83,-42.17,70.68,2.73
tshikapa,96,cd,1597901523,67,-6.42,20.8,78.21,1.23
lagoa,72,pt,1597901523,75,39.05,-27.98,69.57,18.32
padang,45,id,1597901523,63,-0.95,100.35,86.74,6.22
khartoum,66,sd,1597901523,55,15.55,32.53,86.0,10.29
florence,20,us,1597901524,100,34.05,-79.67,71.01,1.07
pevek,100,ru,1597901524,93,69.7,170.31,40.01,15.59
lethem,98,gy,1597901525,84,3.38,-59.8,75.81,4.5
zhangjiakou,4,cn,1597901481,57,40.81,114.88,75.58,12.46
vuktyl,32,ru,1597901525,67,63.86,57.31,64.4,13.65
lufilufi,40,ws,1597901526,79,-13.87,-171.6,84.2,18.34
koutiala,96,ml,1597901526,91,12.39,-5.46,72.77,6.13
nelson bay,17,au,1597901526,39,-32.72,152.15,64.4,25.28
skrunda,94,lv,1597901526,93,56.68,22.02,64.4,4.7
maragogi,74,br,1597901526,85,-9.01,-35.22,71.08,2.75
tilichiki,100,ru,1597901527,82,60.47,166.1,50.97,16.71
evensk,100,ru,1597901527,90,61.95,159.23,52.2,9.82
labuhan,72,id,1597901528,58,-6.88,112.21,87.01,10.92
carros,75,fr,1597901528,78,43.79,7.18,73.4,5.82
puerto ayora,95,ec,1597901477,94,-0.74,-90.35,66.0,8.01
port elizabeth,11,za,1597901242,70,-33.92,25.57,46.4,9.17
santiago del estero,17,ar,1597901529,57,-27.8,-64.26,42.01,5.95
jinchang,0,cn,1597901529,26,38.5,102.17,84.15,20.27
flin flon,59,ca,1597901530,92,54.77,-101.86,61.23,4.05
grand gaube,15,mu,1597901530,57,-20.01,57.66,75.0,8.01
mogapi,90,bw,1597901530,58,-22.32,27.83,59.0,13.87
altamira,27,br,1597901530,63,-3.2,-52.21,72.97,2.44
amahai,51,id,1597901531,76,-3.33,128.92,78.94,6.87
geraldton,65,au,1597901440,55,-28.77,114.6,66.2,8.05
fortuna,10,us,1597901531,91,40.6,-124.16,60.01,4.74
bousso,100,td,1597901531,97,10.48,16.71,70.7,4.32
ancud,90,cl,1597901531,93,-41.87,-73.82,45.0,11.41
ahipara,0,nz,1597901532,81,-35.17,173.17,59.67,17.92
sao felix do xingu,3,br,1597901532,59,-6.64,-51.99,72.19,1.52
kang,0,bw,1597901532,58,-23.68,22.79,39.45,6.4
villamor,63,ph,1597901532,68,6.7,124.52,86.99,3.69
cam ranh,40,vn,1597901533,66,11.92,109.16,87.8,5.82
saint-gaudens,0,fr,1597901533,64,43.08,0.67,71.01,8.05
la ronge,40,ca,1597901534,100,55.1,-105.28,57.2,4.85
maua,64,ke,1597901534,71,0.23,37.94,64.0,9.24
avanigadda,90,in,1597901534,88,16.02,80.92,80.6,11.41
alugan,94,ph,1597901535,79,12.22,125.48,83.35,3.74
coihueco,0,cl,1597901535,80,-36.62,-71.83,39.2,11.41
buala,66,sb,1597901520,70,-8.14,159.59,84.2,2.48
virginia beach,20,us,1597901511,88,36.85,-75.98,77.0,5.82
sept-iles,90,ca,1597901513,93,50.2,-66.38,60.01,9.17
jacareacanga,0,br,1597901536,56,-6.22,-57.75,74.17,0.51
cayenne,16,gf,1597901407,100,4.93,-52.33,75.2,9.84
kodinsk,54,ru,1597901536,44,58.69,99.18,74.5,8.95
progreso,100,ph,1597901537,80,13.9,122.09,81.09,0.92
kamaishi,20,jp,1597901537,49,39.27,141.88,91.4,6.93
poum,0,nc,1597901537,70,-20.23,164.02,73.67,7.2
kavaratti,20,in,1597901537,74,10.57,72.64,84.2,6.93
charagua,100,bo,1597901538,68,-19.8,-63.22,47.75,16.28
miri,40,my,1597901538,79,4.41,114.01,86.0,8.05
galeana,83,mx,1597901538,77,24.83,-100.07,61.79,1.45
severo-kurilsk,89,ru,1597901468,81,50.68,156.12,54.68,8.97
farafenni,100,gm,1597901539,92,13.57,-15.6,77.47,2.93
tuatapere,99,nz,1597901539,94,-46.13,167.68,48.0,7
uhlove,39,ua,1597901539,46,44.82,33.6,75.69,3.98
tsumeb,0,na,1597901539,35,-19.23,17.72,47.68,16.17
berbera,53,so,1597901475,44,10.44,45.01,91.51,21.74
kruisfontein,14,za,1597901442,57,-34,24.73,49.78,7.87
abeche,100,td,1597901540,83,13.83,20.83,74.61,8.7
broken hill,40,au,1597901278,38,-31.95,141.43,60.8,17.22
imbituba,75,br,1597901540,71,-28.24,-48.67,57.2,13.87
clyde river,40,ca,1597901541,93,70.47,-68.59,44.6,5.82
tyukhtet,48,ru,1597901541,56,56.54,89.3,69.03,11.23
agadez,9,ne,1597901507,15,19.75,10.25,84.43,12.41
porangatu,41,br,1597901541,39,-13.44,-49.15,75.63,1.28
kshenskiy,92,ru,1597901542,70,51.84,37.71,64.56,10.69
kaitangata,87,nz,1597901516,88,-46.28,169.85,48.0,7
okhotsk,100,ru,1597901542,71,59.38,143.3,58.28,14.27
beloha,98,mg,1597901543,81,-25.17,45.05,67.21,7.14
besikduzu,2,tr,1597901543,69,41.05,39.23,77.0,3.36
nantucket,90,us,1597901463,88,41.28,-70.1,66.2,6.93
udachnyy,0,ru,1597901477,54,66.42,112.4,53.6,6.71
ugoofaaru,100,mv,1597901544,70,5.67,73,83.05,7.94
chongqing,74,cn,1597901544,69,29.56,106.55,89.01,4.47
ostrovnoy,67,ru,1597901544,60,68.05,39.51,57.13,12.91
moctezuma,1,mx,1597901544,62,29.8,-109.67,78.49,4.79
buta,94,cd,1597901545,88,2.79,24.73,72.34,1.16
pingshan,77,cn,1597901545,56,22.99,114.71,91.38,8.01
severodvinsk,68,ru,1597901545,87,64.56,39.83,50.0,2.24
loandjili,98,cg,1597901546,87,-4.76,11.86,72.93,8.9
oksfjord,75,no,1597901546,81,70.24,22.35,52.0,3.36
solnechnyy,0,ru,1597901546,36,50.72,136.63,70.9,9.82
bubaque,92,gw,1597901547,81,11.28,-15.83,81.0,6.91
abnub,0,eg,1597901547,64,27.27,31.15,75.2,8.05
karasjok,90,no,1597901547,93,69.47,25.51,50.0,9.17
yulara,0,au,1597901547,18,-25.24,130.99,71.6,5.82
kalmunai,98,lk,1597901500,52,7.42,81.82,89.83,7
atar,1,mr,1597901346,52,20.52,-13.05,86.4,12.17
jizan,6,sa,1597901548,70,17.33,42.67,91.4,6.93
rabaul,58,pg,1597901548,73,-4.2,152.17,83.48,9.98
san quintin,0,mx,1597901548,76,30.48,-115.95,74.39,10.07
kangaatsiaq,0,gl,1597901549,84,68.31,-53.46,46.11,12.08
ust-kulom,100,ru,1597901549,81,61.69,53.69,58.96,10.18
joanopolis,90,br,1597901549,87,-22.93,-46.28,60.8,2.24
victoria,20,sc,1597901549,78,-4.62,55.45,80.6,18.34
la ciotat,0,fr,1597901549,87,43.17,5.6,73.99,6.08
siemiatycze,84,pl,1597901550,86,52.43,22.86,64.99,6.98
torbay,75,ca,1597901550,93,47.67,-52.73,62.01,14.99
college,75,us,1597901550,68,64.86,-147.8,66.2,1.99
paveh,0,ir,1597901551,13,35.04,46.36,77.0,1.32
roald,69,no,1597901551,93,62.58,6.13,57.99,3.36
vestmanna,98,fo,1597901551,76,62.16,-7.17,51.8,5.82
marsa matruh,20,eg,1597901552,83,31.35,27.25,73.4,4.7
portland,51,au,1597901552,81,-38.33,141.6,51.17,18.41
sola,7,vu,1597901553,82,-13.88,167.55,80.85,8.77
boyolangu,71,id,1597901553,68,-8.12,111.89,82.08,10.38
carutapera,99,br,1597901553,89,-1.2,-46.02,76.26,6.89
santa cruz de la palma,0,es,1597901553,88,28.68,-17.76,69.8,8.05
shikhazany,18,ru,1597901553,66,55.56,47.39,55.4,6.71
alpena,40,us,1597901264,87,45.06,-83.43,60.01,4.7
manzhouli,46,cn,1597901554,44,49.6,117.43,67.42,13.27
pismo beach,90,us,1597901554,82,35.14,-120.64,73.4,6.35
honiara,40,sb,1597901554,74,-9.43,159.95,86.0,6.93
port hedland,14,au,1597901555,37,-20.32,118.57,86.0,13.87
karratha,0,au,1597901465,21,-20.74,116.85,81.05,11.34
voyvozh,100,ru,1597901555,81,62.89,54.96,58.75,10.78
port hardy,90,ca,1597901450,93,50.7,-127.42,59.0,20.8
thessalon,90,ca,1597901556,82,46.25,-83.57,64.4,4.7
ust-kuyga,100,ru,1597901556,83,70.02,135.6,41.95,3.13
taltal,0,cl,1597901556,74,-25.4,-70.48,49.95,2.26
liberty,90,us,1597901525,94,31.83,-81.5,73.99,2.59
mozarlandia,0,br,1597901557,38,-14.74,-50.57,74.43,6.33
casper,1,us,1597901490,43,42.87,-106.31,71.01,9.17
araouane,8,ml,1597901557,42,18.9,-3.53,90.72,10.6
san policarpo,92,ph,1597901557,78,12.18,125.51,83.26,3.85
tabuk,0,sa,1597901463,28,28.38,36.58,80.6,6.93
noumea,8,nc,1597901439,65,-22.28,166.46,77.0,9.17
santiago de las vegas,75,cu,1597901558,100,22.97,-82.39,77.0,2.24
olafsvik,7,is,1597901558,74,64.89,-23.71,47.17,8.43
shilka,1,ru,1597901559,53,51.85,116.03,70.54,13.53
yanam,90,in,1597901559,88,16.73,82.22,78.8,11.41
meulaboh,99,id,1597901559,67,4.14,96.13,86.29,7.07
ati,100,td,1597901559,85,13.22,18.34,74.75,4.52
ithaca,1,us,1597901486,100,42.44,-76.5,53.01,4.7
linxia,0,cn,1597901560,38,35.6,103.21,80.76,7.81
warren,1,us,1597901433,77,39.43,-84.17,62.01,5.82
oktyabrskiy,54,ru,1597901560,68,54.48,53.47,55.67,16.53
talavera,73,pe,1597901560,77,-13.65,-73.43,52.5,3.02
xai-xai,32,mz,1597901561,70,-25.05,33.64,66.38,7.56
castro,90,cl,1597901561,93,-42.47,-73.77,45.0,11.41
henties bay,0,na,1597901561,27,-22.12,14.28,63.66,12.93
hvide sande,100,dk,1597901561,77,56,8.13,64.0,12.48
itapaci,6,br,1597901562,45,-14.95,-49.55,70.66,0.89
komsomolskiy,0,ru,1597901562,39,43.98,46.7,84.13,11.07
zheleznodorozhnyy,76,ru,1597901562,72,55.75,38,59.0,6.71
monrovia,100,lr,1597901319,84,6.3,-10.8,76.5,12.24
qeshm,90,ir,1597901563,79,26.96,56.27,96.8,9.17
wilmington,1,us,1597901401,88,34.23,-77.94,73.99,3.36
sile,29,tr,1597901563,74,41.18,29.61,70.0,1.01
zweibrucken,45,de,1597901564,88,49.25,7.37,66.99,4.7
sokoni,75,tz,1597901564,88,-6.43,39.55,73.4,3.36
esna,0,eg,1597901564,50,25.29,32.55,78.8,3.36
ravar,57,ir,1597901564,11,31.27,56.81,91.78,5.48
rudnogorsk,69,ru,1597901565,48,57.26,103.75,71.49,8.93
aksu,73,cn,1597901565,25,41.12,80.26,85.1,7.07
shenjiamen,0,cn,1597901565,78,29.96,122.3,83.32,11.72
gobo,75,jp,1597901565,75,33.88,135.15,95.0,6.93
gornyy,7,ru,1597901566,60,55.12,83.91,65.66,16.22
onega,89,ru,1597901566,66,63.91,38.14,55.69,5.66
tandlianwala,45,pk,1597901566,43,31.03,73.13,99.9,10.76
milkovo,98,ru,1597901566,86,54.72,158.62,53.2,3.02
dicabisagan,99,ph,1597901566,82,17.08,122.42,81.43,5.06
isangel,20,vu,1597901448,69,-19.55,169.27,78.8,5.82
salinas,90,us,1597901341,68,36.68,-121.66,69.01,6.93
hovd,100,mn,1597901567,33,48.01,91.64,70.38,8.19
carndonagh,95,ie,1597901568,85,55.25,-7.27,53.76,19.01
upata,19,ve,1597901568,89,8.01,-62.4,80.01,1.99
kloulklubed,73,pw,1597901568,69,7.04,134.26,84.79,6.87
walvis bay,0,na,1597901568,11,-22.96,14.51,64.4,20.8
bage,90,br,1597901409,75,-31.33,-54.11,42.8,10.29
tahoua,74,ne,1597901569,88,14.89,5.27,77.0,6.87
ballina,0,au,1597901270,28,-28.87,153.57,71.01,25.28
namibe,66,ao,1597901447,90,-15.2,12.15,64.04,2.3
jasper,100,ca,1597901566,39,52.88,-118.09,59.95,2.37
plouzane,4,fr,1597901570,93,48.38,-4.62,59.0,10.29
laguna,100,br,1597901570,78,-28.48,-48.78,55.11,18.28
bonthe,100,sl,1597901570,90,7.53,-12.51,75.58,12.77
atbasar,0,kz,1597901571,43,51.8,68.33,61.12,19.37
vila velha,20,br,1597901465,83,-20.33,-40.29,75.99,13.87
dunedin,83,nz,1597901571,83,-45.87,170.5,50.0,1.01
rovaniemi,90,fi,1597901571,100,66.5,25.72,59.0,6.93
whitehorse,20,ca,1597901572,62,60.72,-135.05,55.4,5.82
soe,3,id,1597901572,30,-9.86,124.28,84.49,8.99
aranos,0,na,1597901572,56,-24.13,19.12,38.91,6.33
thap than,95,th,1597901572,63,15.46,99.89,86.14,5.53
hadejia,87,ng,1597901572,81,12.45,10.04,76.6,12.44
bhander,100,in,1597901573,55,25.73,78.75,93.0,8.93
baoying,87,cn,1597901573,80,33.23,119.31,87.21,5.95
vakhsh,20,tj,1597901573,30,37.71,68.83,82.4,6.71
port lincoln,47,au,1597901574,63,-34.73,135.87,55.24,23.15
larsnes,75,no,1597901574,100,62.2,5.58,59.0,8.05
grand-santi,51,gf,1597901574,97,4.25,-54.38,72.52,2.19
samarai,0,pg,1597901574,73,-10.62,150.67,77.58,8.21
messina,99,za,1597901574,61,-22.35,30.04,57.92,18.97
clearwater,1,us,1597901575,83,27.97,-82.8,81.0,5.57
vagur,100,fo,1597901575,94,61.47,-6.81,52.29,32.77
sinnamary,32,gf,1597901575,87,5.38,-52.95,77.58,11.97
te anau,100,nz,1597901576,85,-45.42,167.72,46.56,0.67
san jose,90,bo,1597901576,93,-17.94,-63.35,53.6,29.97
dicamay,98,ph,1597901576,79,16.76,122,80.82,2.53
surt,0,ly,1597901576,72,31.21,16.59,81.34,5.86
kirillov,0,ru,1597901577,93,59.86,38.38,53.6,2.15
leibnitz,52,at,1597901577,87,46.78,15.54,63.0,2.06
laukaa,18,fi,1597901577,77,62.41,25.95,59.0,4.7
banjar,40,id,1597901577,78,-8.19,114.97,82.4,21.92
farafangana,6,mg,1597901578,76,-22.82,47.83,71.89,5.68
rapid valley,1,us,1597901578,32,44.06,-103.15,80.6,9.17
iracoubo,42,gf,1597901578,86,5.48,-53.2,77.29,11.41
rocha,13,uy,1597901420,75,-34.48,-54.33,39.13,9.82
phalaborwa,95,za,1597901579,58,-23.94,31.14,57.2,3.36
snezhnogorsk,94,ru,1597901579,82,69.19,33.25,57.2,6.71
mabaruma,41,gy,1597901579,94,8.2,-59.78,74.32,0.94
altay,0,cn,1597901579,18,47.87,88.12,77.31,7.54
jarinu,40,br,1597901580,82,-23.1,-46.73,62.6,6.93
smoky lake,75,ca,1597901580,98,54.12,-112.47,55.99,4.18
hay river,90,ca,1597901580,100,60.82,-115.8,59.0,12.75
adre,100,td,1597901580,86,13.47,22.2,73.04,5.68
mehamn,75,no,1597901580,87,71.04,27.85,51.8,13.87
saldanha,62,za,1597901414,81,-33.01,17.94,42.8,5.35
manzanillo,99,mx,1597901400,83,19.05,-104.32,78.71,4.9
micomeseng,100,gq,1597901581,97,2.15,10.62,70.0,3.09
kutum,100,sd,1597901581,78,14.2,24.67,72.16,11.18
yar-sale,100,ru,1597901582,89,66.83,70.83,53.83,9.35
salinopolis,61,br,1597901582,82,-0.61,-47.36,79.02,12.5
sioux lookout,40,ca,1597901489,93,50.1,-91.92,60.8,2.24
lichuan,99,cn,1597901582,84,30.3,108.85,73.54,2.33
severo-yeniseyskiy,19,ru,1597901582,82,60.37,93.04,62.37,8.88
lalibela,91,et,1597901583,68,12.03,39.03,64.62,1.34
hwange,4,zw,1597901583,66,-18.37,26.5,62.22,5.1
narsaq,8,gl,1597901583,61,60.92,-46.05,50.0,3.36
agudos,55,br,1597901584,70,-22.47,-48.99,63.0,4
san ramon,11,bo,1597901584,46,-13.28,-64.72,82.22,1.88
riyadh,28,sa,1597901364,14,24.69,46.72,89.6,6.93
kaeo,0,nz,1597901584,3,-35.1,173.78,62.01,7
caruray,100,ph,1597901585,81,10.31,119.01,80.08,6.2
yumen,82,cn,1597901585,19,40.28,97.2,89.38,17.25
macaubas,0,br,1597901585,78,-13.02,-42.7,63.1,3.18
mosetse,0,bw,1597901586,71,-20.75,26.65,57.58,16.58
roebourne,0,au,1597901586,22,-20.78,117.13,80.62,9.57
temerloh,46,my,1597901586,52,3.45,102.42,91.96,3.67
riohacha,67,co,1597901586,87,11.54,-72.91,78.67,4.68
beisfjord,100,no,1597901586,93,68.38,17.6,48.2,4.7
mackay,3,au,1597901587,39,-21.15,149.2,86.0,12.75
buraydah,48,sa,1597901587,22,26.33,43.98,86.0,2.24
los llanos de aridane,0,es,1597901587,88,28.66,-17.92,69.8,8.05
pinos,90,mx,1597901588,67,22.3,-101.57,62.6,4.7
mets masrik,0,am,1597901588,53,40.22,45.77,67.8,6.13
prieska,0,za,1597901588,51,-29.66,22.75,44.44,1.74
vikesa,0,no,1597901588,87,58.64,6.09,63.0,5.01
vao,0,nc,1597901588,78,-22.67,167.48,70.86,9.71
coffs harbour,40,au,1597901589,26,-30.3,153.13,71.6,9.17
vestmannaeyjar,100,is,1597901589,83,63.44,-20.27,48.24,6.06
antofagasta,40,cl,1597901589,71,-23.65,-70.4,53.6,4.7
kryve ozero,98,ua,1597901589,35,47.95,30.35,74.48,5.14
sokoto,87,ng,1597901590,82,13.06,5.24,77.32,13.15
muriti,20,tz,1597901590,72,-1.98,32.92,66.2,11.41
warri,99,ng,1597901590,83,5.52,5.75,76.19,7.38
acapulco,98,mx,1597901591,83,16.86,-99.89,80.22,7.45
taoudenni,0,ml,1597901591,15,22.68,-3.98,95.65,7.99
puri,75,in,1597901591,100,19.8,85.85,80.6,11.41
qui nhon,100,vn,1597901464,87,13.77,109.23,77.09,5.59
alice town,56,bs,1597901591,75,25.72,-79.3,84.85,13.44
concepcion del uruguay,0,ar,1597901454,81,-32.48,-58.24,37.99,1.99
cuamba,53,mz,1597901592,43,-14.8,36.54,76.62,1.77
sovetskaya gavan,0,ru,1597901592,44,48.97,140.29,71.37,6.49
meadow lake,58,ca,1597901592,57,54.13,-108.43,60.62,3.18
panaba,99,mx,1597901592,90,21.28,-88.27,75.65,3
dubrovnik,0,hr,1597901406,46,42.65,18.09,73.4,19.46
sisimiut,0,gl,1597901593,78,66.94,-53.67,46.76,4.34
cacu,11,br,1597901593,83,-18.56,-51.13,64.04,10.09
yabelo,80,et,1597901593,81,4.88,38.08,61.9,12.59
mosjoen,75,no,1597901594,93,65.84,13.19,51.01,2.46
chokwe,40,mz,1597901594,65,-24.53,32.98,61.27,9.01
marawi,66,sd,1597901594,15,18.48,31.82,97.38,7.83
saint-joseph,90,re,1597901594,53,-21.37,55.62,75.2,3.36
steamboat springs,1,us,1597901518,37,40.48,-106.83,69.8,3.27
peniche,76,pt,1597901595,94,39.36,-9.38,72.0,11.99
naryan-mar,100,ru,1597901595,77,67.67,53.09,58.73,12.12
shingu,75,jp,1597901595,75,33.73,135.98,89.6,6.93
orzu,20,tj,1597901595,30,37.56,68.82,82.4,6.71
romilly-sur-seine,32,fr,1597901596,93,48.51,3.73,64.99,4.7
dubbo,75,au,1597901596,87,-32.25,148.62,48.2,12.75
turukhansk,100,ru,1597901575,82,65.82,87.98,61.16,6.55
salalah,90,om,1597901596,100,17.02,54.09,77.0,4.7
micheweni,55,tz,1597901596,82,-4.97,39.83,76.08,8.75
maputo,20,mz,1597901597,76,-25.97,32.59,57.2,8.05
belluno,45,it,1597901597,89,46.15,12.22,70.0,4.18
port pirie,75,au,1597901597,67,-33.18,138.02,57.2,19.46
cap malheureux,17,mu,1597901597,57,-19.98,57.61,75.0,8.01
kpandu,44,gh,1597901598,89,7,0.29,71.78,1.39
sikonge,7,tz,1597901598,63,-5.63,32.77,66.2,11.41
mentakab,43,my,1597901598,50,3.49,102.35,93.33,2.64
verkhnevilyuysk,0,ru,1597901598,40,63.45,120.32,63.14,4.7
luba,75,gq,1597901598,100,3.46,8.55,77.0,11.41
moyale,100,et,1597901599,82,3.52,39.05,65.61,13.71
north bend,90,us,1597901421,88,43.41,-124.22,63.0,8.05
la paz,100,mx,1597901599,69,24.17,-110.3,84.99,11.01
sibi,35,pk,1597901599,43,29.54,67.88,99.1,8.39
bilibino,100,ru,1597901599,88,68.05,166.44,46.65,1.63
aksarka,84,ru,1597901600,65,66.56,67.8,60.91,14.09
batticaloa,100,lk,1597901600,59,7.71,81.69,87.08,6.91
haines junction,20,ca,1597901600,63,60.75,-137.51,47.84,2.82
gamba,100,ga,1597901600,87,-2.65,10,72.0,8.32
kudat,20,my,1597901600,66,6.88,116.85,87.8,8.05
